sampled_at,elapsed_seconds,axis_1,axis_2,axis_3,axis_4,axis_5,axis_6,axis_7,axis_8,data_origin,scenario_id,axis_1_predicted,axis_1_residual,axis_2_predicted,axis_2_residual,axis_3_predicted,axis_3_residual,axis_4_predicted,axis_4_residual,axis_5_predicted,axis_5_residual,axis_6_predicted,axis_6_residual,axis_7_predicted,axis_7_residual,axis_8_predicted,axis_8_residual
2022-10-18 10:45:00.628000+00:00,80796.968,0.38229812773987115,0.025346821306974743,0.0,1.6788481376745887,2.144750130272268,2.427552115811615,0.2353364959412535,0.06220078245178395,SYNTHETIC_TEST,synthetic_150_record_validation,0.7210344757070549,-0.33873634796718377,3.701170802315889,-3.6758239810089144,2.6872199725394044,-2.6872199725394044,0.6357871003003983,1.0430610373741904,0.957874495531685,1.1868756347405829,0.6184111235904678,1.8091409922211472,0.8923014139976836,-0.6569649180564301,0.10561559593693082,-0.04341481348514687
2022-10-18 10:45:02.628000+00:00,80798.968,0.0,10.036564823831602,0.0,4.57060504503651,0.0014817499253038102,0.03235020485217055,8.11515901219911,0.1612761960253305,SYNTHETIC_TEST,synthetic_150_record_validation,0.7210342403613416,-0.7210342403613416,3.701175190722724,6.335389633108878,2.687218817102212,-2.687218817102212,0.6357878783072912,3.9348171667292187,0.9578746631552427,-0.9563929132299389,0.6184120724815622,-0.5860618676293916,0.8923025214349144,7.222856490764195,0.10561576593670574,0.05566043008862476
2022-10-18 10:45:04.628000+00:00,80800.968,0.0,0.014484107906312715,6.596079000537619,0.015575473152778296,0.0017481719813101648,0.03471701679220229,0.034599782667524615,0.003385728692274853,SYNTHETIC_TEST,synthetic_150_record_validation,0.7210340050156282,-0.7210340050156282,3.7011795791295587,-3.686695471223246,2.68721766166502,3.9088613388725992,0.6357886563141841,-0.6202131831614058,0.9578748307788004,-0.9561266587974903,0.6184130213726566,-0.5836960045804543,0.8923036288721452,-0.8577038462046206,0.10561593593648066,-0.10223020724420581
2022-10-18 10:45:06.628000+00:00,80802.968,2.001249624363102,11.721300691121133,6.6372648885487795,0.03050421912871637,0.00580602837777322,0.20891068701849558,8.077837577396387,0.09838364844944775,SYNTHETIC_TEST,synthetic_150_record_validation,0.7210337696699148,1.2802158546931874,3.7011839675363936,8.020116723584739,2.687216506227828,3.9500483823209516,0.6357894343210772,-0.6052852151923608,0.9578749984023581,-0.9520689700245849,0.618413970263751,-0.4095032832452554,0.8923047363093761,7.185532841087011,0.10561610593625557,-0.007232457486807828
2022-10-18 10:45:08.628000+00:00,80804.968,0.0,0.09925709988937781,0.0,0.012535526752617043,0.0011675802150687975,0.713732231963544,0.3697581912917466,0.08476589697243461,SYNTHETIC_TEST,synthetic_150_record_validation,0.7210335343242014,-0.7210335343242014,3.701188355943229,-3.601931256053851,2.687215350790636,-2.687215350790636,0.6357902123279701,-0.623254685575353,0.9578751660259158,-0.956707585810847,0.6184149191548454,0.0953173128086986,0.8923058437466069,-0.5225476524548603,0.1056162759360305,-0.020850378963595886
2022-10-18 10:45:10.628000+00:00,80806.968,11.98572676653367,35.71045800750372,0.0,0.03964748744466162,0.0031088161490787636,0.021328877491032627,0.012856654655506783,3.1566068206340114e-05,SYNTHETIC_TEST,synthetic_150_record_validation,0.721033298978488,11.264693467555182,3.7011927443500636,32.00926526315365,2.6872141953534436,-2.6872141953534436,0.635790990334863,-0.5961435028902013,0.9578753336494736,-0.9547665175003949,0.6184158680459397,-0.5970869905549071,0.8923069511838377,-0.879450296528331,0.10561644593580542,-0.10558487986759908
2022-10-18 10:45:12.628000+00:00,80808.968,0.48650561496491274,35.71046239591055,6.7152362148492575,0.026514043117759623,2.1725305014435277,0.009958951264096516,8.09875197745917,0.0037419497906359678,SYNTHETIC_TEST,synthetic_150_record_validation,0.7210330636327746,-0.2345274486678619,3.7011971327568984,32.00926526315365,2.687213039916252,4.028023174933006,0.635791768341756,-0.6092777252239964,0.9578755012730313,1.2146550001704963,0.6184168169370341,-0.6084578656729376,0.8923080586210685,7.206443918838101,0.10561661593558033,-0.10187466614494436
2022-10-18 10:45:14.628000+00:00,80810.968,0.0,35.71046678431738,3.8275747326790484,0.011382538431430334,0.0032553555966505776,0.0233968608520575,0.03664720652899767,0.0015507177168404135,SYNTHETIC_TEST,synthetic_150_record_validation,0.7210328282870613,-0.7210328282870613,3.7012015211637332,32.00926526315365,2.68721188447906,1.1403628481999886,0.6357925463486489,-0.6244100079172186,0.957875668896589,-0.9546203132999385,0.6184177658281285,-0.595020904976071,0.8923091660582995,-0.8556619595293018,0.10561678593535526,-0.10406606821851484
2022-10-18 10:45:16.628000+00:00,80812.968,0.0,35.71047117272422,11.618328090210747,0.00496525516191304,0.00022319085091704327,0.13636307902077172,0.027847674747168316,0.003912624634661466,SYNTHETIC_TEST,synthetic_150_record_validation,0.7210325929413479,-0.7210325929413479,3.701205909570568,32.00926526315365,2.6872107290418676,8.93111736116888,0.6357933243555418,-0.6308280691936288,0.9578758365201467,-0.9576526456692297,0.6184187147192228,-0.4820556356984511,0.8923102734955303,-0.864462598748362,0.10561695593513018,-0.10170433130046871
2022-10-18 10:45:18.628000+00:00,80814.968,0.40840253441649277,35.710475561131055,17.301921929247754,2.479747054565504,0.0009571214629138236,0.010256559569155943,0.04028318542047049,0.004687973293095171,SYNTHETIC_TEST,synthetic_150_record_validation,0.7210323575956344,-0.3126298231791417,3.701210297977403,32.00926526315365,2.6872095736046755,14.614712355643078,0.6357941023624348,1.843952952203069,0.9578760041437044,-0.9569188826807906,0.6184196636103172,-0.6081631040411613,0.8923113809327611,-0.8520281955122906,0.10561712593490509,-0.10092915264180992
2022-10-18 10:45:20.628000+00:00,80816.968,0.0,35.71047994953789,0.0,0.008609102571485505,0.001117639206587473,0.03129367961761709,0.010185758029754632,0.0015609868932439652,SYNTHETIC_TEST,synthetic_150_record_validation,0.7210321222499211,-0.7210321222499211,3.7012146863842377,32.00926526315365,2.6872084181674833,-2.6872084181674833,0.6357948803693277,-0.6271857777978422,0.9578761717672621,-0.9567585325606747,0.6184206125014117,-0.5871269328837946,0.892312488369992,-0.8821267303402374,0.10561729593468001,-0.10405630904143605
2022-10-18 10:45:22.628000+00:00,80818.968,0.0,35.71048433794472,0.0,0.02676107275438,1.629591320143314,0.016966380574684803,0.036193393148483244,0.0021231359439552455,SYNTHETIC_TEST,synthetic_150_record_validation,0.7210318869042077,-0.7210318869042077,3.7012190747910725,32.00926526315365,2.687207262730291,-2.687207262730291,0.6357956583762207,-0.6090345856218407,0.95787633939082,0.6717149807524941,0.618421561392506,-0.6014551808178212,0.8923135958072228,-0.8561202026587396,0.10561746593445494,-0.10349432999049969
2022-10-18 10:45:24.628000+00:00,80820.968,0.0,35.71048872635156,0.0,0.007820172072759535,0.0014493300206286364,0.0019476815247425616,0.02762136219698541,0.005822378901135322,SYNTHETIC_TEST,synthetic_150_record_validation,0.7210316515584944,-0.7210316515584944,3.7012234631979073,32.00926526315365,2.6872061072930995,-2.6872061072930995,0.6357964363831137,-0.6279762643103541,0.9578765070143777,-0.956427176993749,0.6184225102836004,-0.6164748287588578,0.8923147032444536,-0.8646933410474682,0.10561763593422985,-0.09979525703309453
2022-10-18 10:45:26.628000+00:00,80822.968,0.0,2.4236299049665493,19.945668507583786,0.01807516067438164,0.7784023534156379,0.20892017592943934,0.0008995419155251039,0.0020033009776174587,SYNTHETIC_TEST,synthetic_150_record_validation,0.721031416212781,-0.721031416212781,3.701227851604742,-1.2775979466381928,2.6872049518559074,17.25846355572788,0.6357972143900066,-0.6177220537156249,0.9578766746379354,-0.17947432122229745,0.6184234591746948,-0.4095032832452554,0.8923158106816845,-0.8914162687661594,0.10561780593400477,-0.10361450495638731
2022-10-18 10:45:28.628000+00:00,80824.968,0.0,0.10216396302315989,6.817955161726252,0.7537427540013899,0.002104159327172228,1.8567320388763102,0.554664169086092,0.0016804720850448623,SYNTHETIC_TEST,synthetic_150_record_validation,0.7210311808670675,-0.7210311808670675,3.7012322400115774,-3.5990682769884175,2.687203796418715,4.130751365307537,0.6357979923968995,0.11794476160449041,0.9578768422614931,-0.9557726829343208,0.6184244080657891,1.238307630810521,0.8923169181189153,-0.3376527490328234,0.1056179759337797,-0.10393750384873483
2022-10-18 10:45:30.628000+00:00,80826.968,0.0,0.032732819392721435,0.0,0.0010649459491535174,0.7250762216740394,0.008353295636541413,0.023984937008308505,1.1421225526937553,SYNTHETIC_TEST,synthetic_150_record_validation,0.7210309455213542,-0.7210309455213542,3.701236628418412,-3.6685038090256907,2.687202640981523,-2.687202640981523,0.6357987704037925,-0.634733824454639,0.9578770098850508,-0.23280078821101136,0.6184253569568835,-0.6100720613203421,0.8923180255561461,-0.8683330885478376,0.1056181459335546,1.0365044067602007
2022-10-18 10:45:32.628000+00:00,80828.968,3.6697175094807664,0.11924077460055749,0.0,0.02597467194506653,0.005034155754427561,0.014702459268244428,0.020247532924330458,0.07898912059592127,SYNTHETIC_TEST,synthetic_150_record_validation,0.7210307101756408,2.9486867993051256,3.701241016825247,-3.5820002422246895,2.687201485544331,-2.687201485544331,0.6357995484106854,-0.6098248764656189,0.9578771775086086,-0.952843021754181,0.6184263058479779,-0.6037238465797334,0.892319132993377,-0.8720716000690465,0.10561831593332953,-0.026629195337408262
2022-10-18 10:45:34.628000+00:00,80830.968,2.4152544406362804,0.14633256031148,0.0,0.01257296249928841,5.424892595823257,15.376354408006986,0.009582941738423778,0.002441911361894672,SYNTHETIC_TEST,synthetic_150_record_validation,0.7210304748299274,1.694223965806353,3.701245405232082,-3.5549128449206018,2.6872003301071388,-2.6872003301071388,0.6358003264175783,-0.6232273639182899,0.9578773451321663,4.467015250691091,0.6184272547390723,14.757927153267913,0.8923202404306079,-0.8827372986921841,0.10561848593310445,-0.10317657457120978
2022-10-18 10:45:36.628000+00:00,80832.968,0.12877612363652047,0.11695446730047898,19.2380537286421,0.02549684111760553,0.0063042110390851835,0.03266189944552622,0.3192359354322525,0.004535366960146864,SYNTHETIC_TEST,synthetic_150_record_validation,0.721030239484214,-0.5922541158476935,3.7012497936389166,-3.5842953263384376,2.687199174669947,16.550854553972155,0.6358011044244714,-0.6103042633068658,0.957877512755724,-0.9515733017166388,0.6184282036301667,-0.5857663041846405,0.8923213478678387,-0.5730854124355862,0.10561865593287936,-0.1010832889727325
2022-10-18 10:45:38.628000+00:00,80834.968,2.600704250947846,0.17250084749387185,0.0,0.002103140909299972,0.005771070568622361,0.023674476970649505,0.30228778692745306,0.006764099284291877,SYNTHETIC_TEST,synthetic_150_record_validation,0.7210300041385006,1.8796742468093455,3.7012541820457514,-3.5287533345518796,2.687198019232755,-2.687198019232755,0.6358018824313643,-0.6336987415220643,0.9578776803792817,-0.9521066098106593,0.6184291525212611,-0.5947546755506116,0.8923224553050695,-0.5900346683776164,0.10561882593265429,-0.09885472664836241
2022-10-18 10:45:40.628000+00:00,80836.968,8.90741520443207,0.15714018823534737,0.0,0.008150472954142285,0.0037987606632939874,17.85985715170237,0.005663901337029431,0.002210578813180361,SYNTHETIC_TEST,synthetic_150_record_validation,0.7210297687927872,8.186385435639282,3.701258570452586,-3.544118382217239,2.6871968637955628,-2.6871968637955628,0.6358026604382572,-0.6276521874841149,0.9578778480028394,-0.9540790873395454,0.6184301014123554,17.241427050290017,0.8923235627423004,-0.886659661405271,0.10561899593242921,-0.10340841711924885
2022-10-18 10:45:42.628000+00:00,80838.968,1.1927853726507527,0.15997484452306887,5.704609454489959,0.006106800946721891,0.7777818037133306,17.859858100593467,0.018951602124740452,0.00538267516330572,SYNTHETIC_TEST,synthetic_150_record_validation,0.7210295334470739,0.4717558392036788,3.701262958859421,-3.541288114336352,2.6871957083583706,3.0174137461315884,0.6358034384451502,-0.6296966374984283,0.9578780156263971,-0.18009621191306646,0.6184310503034498,17.241427050290017,0.8923246701795312,-0.8733730680547908,0.10561916593220412,-0.1002364907688984
2022-10-18 10:45:44.628000+00:00,80840.968,0.0,0.040182335278995396,3.355932663393346,0.017681076453894495,0.005603030382548835,17.859859049484562,0.02452710449969242,0.0016587541887994744,SYNTHETIC_TEST,synthetic_150_record_validation,0.7210292981013605,-0.7210292981013605,3.701267347266256,-3.6610850119872604,2.6871945529211785,0.6687381104721677,0.6358042164520431,-0.6181231399981486,0.9578781832499549,-0.952275152867406,0.6184319991945442,17.241427050290017,0.892325777616762,-0.8677986731170696,0.10561933593197904,-0.10396058174317957
2022-10-18 10:45:46.628000+00:00,80842.968,0.6507742810042818,0.04878307290127459,0.0,0.01658164768323178,0.003910914233293816,17.859859998375654,0.0378956803209346,0.1405703822179545,SYNTHETIC_TEST,synthetic_150_record_validation,0.721029062755647,-0.07025478175136524,3.7012717356730906,-3.652488662771816,2.6871933974839863,-2.6871933974839863,0.635804994458936,-0.6192233467757042,0.9578783508735126,-0.9539674366402188,0.6184329480856385,17.241427050290017,0.8923268850539929,-0.8544312047330583,0.10561950593175397,0.03495087628620054
2022-10-18 10:45:48.628000+00:00,80844.968,0.0,0.05327768356994289,6.8517534962993185,0.011387030643230212,0.0026555081580278417,17.85986094726675,0.15257500296980087,0.0036279120716225938,SYNTHETIC_TEST,synthetic_150_record_validation,0.7210288274099337,-0.7210288274099337,3.701276124079926,-3.647998440509983,2.687192242046794,4.164561254252524,0.635805772465829,-0.6244187418225988,0.9578785184970703,-0.9552230103390424,0.618433896976733,17.241427050290017,0.8923279924912237,-0.7397529895214229,0.10561967593152888,-0.10199176385990628
2022-10-18 10:45:50.628000+00:00,80846.968,4.244235726629851,10.004897895798186,0.0,0.006717032209217488,0.005151372645423646,17.859861896157845,0.33630290986780587,0.005691867438933282,SYNTHETIC_TEST,synthetic_150_record_validation,0.7210285920642203,3.523207134565631,3.7012805124867607,6.303617383311424,2.6871910866096025,-2.6871910866096025,0.6358065504727219,-0.6290895182635045,0.957878686120628,-0.9527273134752043,0.6184348458678274,17.241427050290017,0.8923290999284545,-0.5560261900606487,0.1056198459313038,-0.09992797849237052
2022-10-18 10:45:52.628000+00:00,80848.968,0.0,0.04971999776051694,0.0,0.882305765081676,1.5788122094198216,17.85986284504894,0.020335681605593736,0.001963921974755506,SYNTHETIC_TEST,synthetic_150_record_validation,0.721028356718507,-0.721028356718507,3.7012849008935955,-3.6515649031330786,2.6871899311724103,-2.6871899311724103,0.6358073284796149,0.24649843660206117,0.9578788537441857,0.6209333556756359,0.6184357947589217,17.241427050290017,0.8923302073656854,-0.8719945257600916,0.10562001593107873,-0.10365609395632322
2022-10-18 10:45:54.628000+00:00,80850.968,0.0,0.14737122599478125,9.918543247612739,0.030740481927945318,2.559372965773231,17.859863793940033,8.103686893842314,0.005677987127310907,SYNTHETIC_TEST,synthetic_150_record_validation,0.7210281213727936,-0.7210281213727936,3.7012892893004303,-3.553918063305649,2.687188775735218,7.231354471877521,0.6358081064865078,-0.6050676245585624,0.9578790213677435,1.6014939444054874,0.6184367436500161,17.241427050290017,0.8923313148029163,7.211355579039397,0.10562018593085365,-0.09994219880354274
2022-10-18 10:45:56.628000+00:00,80852.968,0.0,0.0175797361658927,0.0,0.010479222247275932,1.7583606176497428,0.02770515568575771,0.025778275455005106,0.003961329485175941,SYNTHETIC_TEST,synthetic_150_record_validation,0.7210278860270801,-0.7210278860270801,3.701293677707265,-3.6837139415413724,2.687187620298026,-2.687187620298026,0.6358088844934008,-0.6253296622461249,0.9578791889913012,0.8004814286584416,0.6184376925411105,-0.5907325368553528,0.8923324222401471,-0.866554146785142,0.10562035593062856,-0.10165902644545262
2022-10-18 10:45:58.628000+00:00,80854.968,4.998056549399496,11.157752371539868,0.0,1.2150021841275729,0.004250638322526923,9.477755218142768,0.018711293229115578,0.11883880430369638,SYNTHETIC_TEST,synthetic_150_record_validation,0.7210276506813668,4.277028898718129,3.7012980661141,7.456454305425767,2.687186464860834,-2.687186464860834,0.6358096625002937,0.5791925216272792,0.9578793566148589,-0.953628718292332,0.6184386414322048,8.859316576710563,0.8923335296773779,-0.8736222364482623,0.10562052593040348,0.013218278373292897
2022-10-18 10:46:00.628000+00:00,80856.968,1.2456427841556876,0.11644789624315655,0.0,2.3966484671682435,0.001766960486836222,0.5982841925697965,0.020503620585620386,0.0005473661252839573,SYNTHETIC_TEST,synthetic_150_record_validation,0.7210274153356534,0.5246153688200342,3.7013024545209348,-3.584854558277778,2.6871853094236418,-2.6871853094236418,0.6358104405071866,1.760838026661057,0.9578795242384166,-0.9561125637515804,0.6184395903232992,-0.020155397753502724,0.8923346371146088,-0.8718310165289884,0.1056206959301784,-0.10507332980489444
2022-10-18 10:46:02.628000+00:00,80858.968,0.0,0.14895298335433704,0.0,0.005335990228532594,0.004514886887671987,0.4525478848202917,0.01331913926953876,7.930489499984039e-05,SYNTHETIC_TEST,synthetic_150_record_validation,0.72102717998994,-0.72102717998994,3.7013068429277696,-3.5523538595734325,2.68718415398645,-2.68718415398645,0.6358112185140796,-0.630475228285547,0.9578796918619743,-0.9533648049743023,0.6184405392143937,-0.165892654394102,0.8923357445518396,-0.8790166052823009,0.10562086592995332,-0.10554156103495348
2022-10-18 10:46:04.628000+00:00,80860.968,0.2780881174164019,14.268582282606065,6.241124951173369,0.0233571875668126,0.0037990360687992775,0.033343204200182996,0.03293688316134402,0.00029148798906815376,SYNTHETIC_TEST,synthetic_150_record_validation,0.7210269446442266,-0.4429388272278247,3.7013112313346044,10.567271051271462,2.687182998549258,3.5539419526241107,0.6358119965209725,-0.6124548089541599,0.957879859485532,-0.9540808234167327,0.618441488105488,-0.585098283905305,0.8923368519890704,-0.8593999688277264,0.10562103592972824,-0.10532954794066009
2022-10-18 10:46:06.628000+00:00,80862.968,2.0544518149099824,0.05339175801141138,0.0,0.006348754866372763,0.004163441804977186,0.9367203840142866,0.2778839044113226,0.08150298971754344,SYNTHETIC_TEST,synthetic_150_record_validation,0.7210267092985132,1.3334251056114692,3.7013156197414396,-3.6479238617300282,2.6871818431120658,-2.6871818431120658,0.6358127745278654,-0.6294640196614927,0.9578800271090898,-0.9537165853041126,0.6184424369965824,0.3182779470177042,0.8923379594263012,-0.6144540550149786,0.10562120592950316,-0.024118216211959725
2022-10-18 10:46:08.628000+00:00,80864.968,0.0,0.08861324950279048,0.0,0.01672710073990935,0.005486373940917888,0.019824815362943116,0.14395267498787134,0.005445339460337817,SYNTHETIC_TEST,synthetic_150_record_validation,0.7210264739527998,-0.7210264739527998,3.7013200081482744,-3.612706758645484,2.6871806876748736,-2.6871806876748736,0.6358135525347585,-0.6190864517948491,0.9578801947326475,-0.9523938207917296,0.6184433858876768,-0.5986185705247337,0.8923390668635321,-0.7483863918756608,0.10562137592927807,-0.10017603646894026
2022-10-18 10:46:10.628000+00:00,80866.968,0.0,7.424683910133672,0.0,0.023915132876067835,0.002110351425206214,1.1254480804839142,0.0026732848141405308,0.07958108990215035,SYNTHETIC_TEST,synthetic_150_record_validation,0.7210262386070865,-0.7210262386070865,3.7013243965551093,3.723359513578563,2.6871795322376815,-2.6871795322376815,0.6358143305416514,-0.6118991976655835,0.9578803623562052,-0.955770010930999,0.6184443347787711,0.5070037457051431,0.892340174300763,-0.8896668894866224,0.105621545929053,-0.02604045602690265
2022-10-18 10:46:12.628000+00:00,80868.968,0.0,0.1465490974699324,7.0093257918774245,0.020749974824562867,0.0051338316782258975,0.3981215764429566,0.03734668326414803,0.0013552569906316037,SYNTHETIC_TEST,synthetic_150_record_validation,0.7210260032613731,-0.7210260032613731,3.701328784961944,-3.5547796874920117,2.6871783768004893,4.322147415076936,0.6358151085485443,-0.6150651337239814,0.9578805299797629,-0.952746698301537,0.6184452836698655,-0.22032370722690892,0.8923412817379938,-0.8549945984738457,0.10562171592882792,-0.10426645893819632
2022-10-18 10:46:14.628000+00:00,80870.968,0.0,0.10874691118277191,6.346881767160866,0.014619076670345788,0.8822417055266476,0.011935829693367483,0.03776574360320284,0.13741227123931243,SYNTHETIC_TEST,synthetic_150_record_validation,0.7210257679156596,-0.7210257679156596,3.701333173368779,-3.592586262186007,2.6871772213632976,3.6597045457975685,0.6358158865554373,-0.6211968098850915,0.9578806976033206,-0.07563899207667302,0.6184462325609599,-0.6065104028675924,0.8923423891752247,-0.8545766455720218,0.10562188592860283,0.0317903853107096
2022-10-18 10:46:16.628000+00:00,80872.968,1.8173008728991005,0.13383485378794813,0.0,0.0073359810389486135,0.0013957747968074141,0.017313526213771913,0.023875321210044098,0.002376868428011908,SYNTHETIC_TEST,synthetic_150_record_validation,0.7210255325699463,1.096275340329154,3.7013375617756137,-3.5675027079876656,2.6871760659261055,-2.6871760659261055,0.6358166645623302,-0.6284806835233816,0.9578808652268783,-0.9564850904300709,0.6184471814520542,-0.6011336552382823,0.8923434966124555,-0.8684681754024114,0.10562205592837776,-0.10324518750036585
2022-10-18 10:46:18.628000+00:00,80874.968,0.0,5.499714920144843,6.007264829014133,0.012280103199628578,0.0003498496416725061,0.03771395789238863,8.130284087448107,0.005843987572525328,SYNTHETIC_TEST,synthetic_150_record_validation,0.7210252972242329,-0.7210252972242329,3.7013419501824485,1.7983729699623945,2.6871749104889133,3.3200899185252197,0.6358174425692231,-0.6235373393695945,0.9578810328504361,-0.9575311832087636,0.6184481303431487,-0.5807341724507601,0.8923446040496863,7.237939483398421,0.10562222592815268,-0.09977823835562735
2022-10-18 10:46:20.628000+00:00,80876.968,0.0,35.71061160174293,0.0,0.23439202224698646,0.002211038621928396,0.034394817025540814,0.01372175084340388,0.12110408419945218,SYNTHETIC_TEST,synthetic_150_record_validation,0.7210250618785196,-0.7210250618785196,3.7013463385892833,32.00926526315365,2.687173755051721,-2.687173755051721,0.6358182205761161,-0.4014261983291297,0.9578812004739938,-0.9556701618520654,0.6184490792342431,-0.5840542622087023,0.8923457114869172,-0.8786239606435133,0.10562239592792759,0.015481688271524588
2022-10-18 10:46:22.628000+00:00,80878.968,0.0,35.71061599014977,0.0,0.2880498253594099,0.0005683192912745438,0.4078790012399928,0.2649062713093241,0.0037568057309666225,SYNTHETIC_TEST,synthetic_150_record_validation,0.7210248265328062,-0.7210248265328062,3.701350726996118,32.00926526315365,2.687172599614529,-2.687172599614529,0.635818998583009,-0.3477691732235992,0.9578813680975515,-0.957313048806277,0.6184500281253374,-0.21057102688534463,0.892346818924148,-0.6274405476148239,0.10562256592770251,-0.10186576019673589
2022-10-18 10:46:24.628000+00:00,80880.968,0.0,35.710620378556605,0.0,0.007704400368051201,0.000985266463996437,0.010558217266960823,0.0038736083427176604,0.158035895425508,SYNTHETIC_TEST,synthetic_150_record_validation,0.7210245911870927,-0.7210245911870927,3.7013551154029534,32.00926526315365,2.687171444177337,-2.687171444177337,0.635819776589902,-0.6281153762218508,0.9578815357211092,-0.9568962692571128,0.6184509770164318,-0.607892759749471,0.8923479263613788,-0.8884743180186612,0.10562273592747744,0.05241315949803056
2022-10-18 10:46:26.628000+00:00,80882.968,0.0,35.71062476696344,2.66601743791453,0.012372447171772993,1.7327153897631233,0.00667184638393159,0.023324159667189925,0.004134975500267576,SYNTHETIC_TEST,synthetic_150_record_validation,0.7210243558413794,-0.7210243558413794,3.701359503809788,32.00926526315365,2.6871702887401447,-0.02115285082561469,0.635820554596795,-0.623448107425022,0.9578817033446669,0.7748336864184564,0.6184519259075262,-0.6117800795235946,0.8923490337986097,-0.8690248741314198,0.10562290592725235,-0.10148793042698477
2022-10-18 10:46:28.628000+00:00,80884.968,0.0,35.71062915537027,6.6903603915021375,2.4224094791862223,0.0015472730520873501,1.6992248870258,8.147115210292132,0.08305386119918026,SYNTHETIC_TEST,synthetic_150_record_validation,0.721024120495666,-0.721024120495666,3.701363892216623,32.00926526315365,2.687169133302953,4.003191258199184,0.6358213326036879,1.7865881465825344,0.9578818709682247,-0.9563345979161374,0.6184528747986205,1.0807720122271793,0.8923501412358406,7.254765069056291,0.10562307592702727,-0.02256921472784701
2022-10-18 10:46:30.628000+00:00,80886.968,0.0,35.71063354377711,12.775249385313453,0.01830158479844246,0.004511533159340941,0.02679417326504263,7.539443931992647,0.006269226369506595,SYNTHETIC_TEST,synthetic_150_record_validation,0.7210238851499526,-0.7210238851499526,3.701368280623458,32.00926526315365,2.687167977865761,10.088081407447692,0.6358221106105808,-0.6175205258121383,0.9578820385917824,-0.9533705054324415,0.618453823689715,-0.5916596504246724,0.8923512486730714,6.647092683319576,0.1056232459268022,-0.0993540195572956
2022-10-18 10:46:32.628000+00:00,80888.968,0.0,35.71063793218394,6.167179039796556,0.02748200311664195,0.003622826497204912,0.18191877009582957,0.001232172315898894,0.07960738937732968,SYNTHETIC_TEST,synthetic_150_record_validation,0.7210236498042392,-0.7210236498042392,3.7013726690302926,32.00926526315365,2.6871668224285687,3.4800122173679875,0.6358228886174738,-0.6083408855008319,0.9578822062153401,-0.9542593797181352,0.6184547725808094,-0.4365360024849798,0.8923523561103022,-0.8911201837944033,0.1056234159265771,-0.026016026549247423
2022-10-18 10:46:34.628000+00:00,80890.968,0.9631620923696382,35.71064232059078,6.902624980815407,2.2133009551675626,0.003120069221379196,0.020582404319350434,0.038428574132947535,0.0016708786577466078,SYNTHETIC_TEST,synthetic_150_record_validation,0.7210234144585258,0.24213867791111243,3.7013770574371274,32.00926526315365,2.6871656669913766,4.215459313824031,0.6358236666243667,1.577477288543196,0.9578823738388978,-0.9547623046175187,0.6184557214719038,-0.5978733171525533,0.8923534635475331,-0.8539248894145856,0.10562358592635203,-0.10395270726860542
2022-10-18 10:46:36.628000+00:00,80892.968,0.0,26.315529276816704,0.0,0.7766088905013846,0.23255350674948516,0.026034369122375445,0.002365463776330512,0.8305733633497876,SYNTHETIC_TEST,synthetic_150_record_validation,0.7210231791128124,-0.7210231791128124,3.7013814458439622,22.61414783097274,2.6871645115541845,-2.6871645115541845,0.6358244446312596,0.14078444587012495,0.9578825414624556,-0.7253290347129704,0.6184566703629981,-0.5924223012406227,0.8923545709847639,-0.8899891072084334,0.10562375592612695,0.7249496074236607
2022-10-18 10:46:38.628000+00:00,80894.968,0.0,51.24571531512227,0.0,0.0178939706490836,0.0010243004590122506,6.215463258543503,0.03204146312719214,0.0038565844638589752,SYNTHETIC_TEST,synthetic_150_record_validation,0.7210229437670991,-0.7210229437670991,3.701385834250797,47.54432948087147,2.6871633561169923,-2.6871633561169923,0.6358252226381527,-0.6179312519890691,0.9578827090860133,-0.956858408627001,0.6184576192540925,5.59700563928941,0.8923556784219947,-0.8603142152948026,0.10562392592590186,-0.10176734146204289
2022-10-18 10:46:40.628000+00:00,80896.968,0.0,0.1114030361094338,0.0,5.292766585417799,0.0034302830994638045,0.03773444018110628,8.13680373589591,0.08202391628783352,SYNTHETIC_TEST,synthetic_150_record_validation,0.7210227084213857,-0.7210227084213857,3.701390222657632,-3.589987186548198,2.6871622006798006,-2.6871622006798006,0.6358260006450456,4.656940584772753,0.9578828767095711,-0.9544525936101073,0.6184585681451868,-0.5807241279640806,0.8923567858592256,7.244446950036684,0.10562409592567679,-0.023600179637843263
2022-10-18 10:46:42.628000+00:00,80898.968,0.0,3.3373084550523733,0.0,0.7077076696962251,0.0023348639040641217,0.7750198091370709,0.424361168708372,0.0036147305440750316,SYNTHETIC_TEST,synthetic_150_record_validation,0.7210224730756722,-0.7210224730756722,3.701394611064467,-0.3640861560120938,2.6871610452426085,-2.6871610452426085,0.6358267786519385,0.07188089104428663,0.9578830443331288,-0.9555481804290646,0.6184595170362812,0.1565602921007897,0.8923578932964564,-0.46799672458808445,0.10562426592545171,-0.10200953538137668
2022-10-18 10:46:44.628000+00:00,80900.968,1.6878230895097266,10.579042638797386,3.815703414515282,0.8271059768146516,0.005359870118141541,0.018421327150837996,0.25558817706068604,0.0005608810223901445,SYNTHETIC_TEST,synthetic_150_record_validation,0.7210222377299589,0.9668008517797677,3.701398999471302,6.8776436393260845,2.6871598898054163,1.1285435247098659,0.6358275566588315,0.19127842015582008,0.9578832119566865,-0.9525233418385449,0.6184604659273756,-0.6000391387765376,0.8923590007336872,-0.6367708236730012,0.10562443592522662,-0.10506355490283648
2022-10-18 10:46:46.628000+00:00,80902.968,0.0,0.052888225628569874,0.0,0.004167302895256464,0.001320933560261972,0.00315059883066382,0.025386060501863095,0.005784853405819315,SYNTHETIC_TEST,synthetic_150_record_validation,0.7210220023842455,-0.7210220023842455,3.7014033878781367,-3.648515162249567,2.687158734368224,-2.687158734368224,0.6358283346657244,-0.631661031770468,0.9578833795802442,-0.9565624460199822,0.6184614148184701,-0.6153108159878062,0.892360108170918,-0.866974047669055,0.10562460592500154,-0.09983975251918223
2022-10-18 10:46:48.628000+00:00,80904.968,0.0,0.9388638484611644,0.0,0.8485381924966969,0.7772840328192883,0.009976468268144356,0.009557633475387406,0.1420667878967044,SYNTHETIC_TEST,synthetic_150_record_validation,0.7210217670385322,-0.7210217670385322,3.7014077762849715,-2.762543927823807,2.687157578931032,-2.687157578931032,0.6358291126726173,0.2127090798240796,0.9578835472038019,-0.1805995143845136,0.6184623637095644,-0.6084858954414201,0.892361215608149,-0.8828035821327616,0.10562477592477647,0.03644201197192794
2022-10-18 10:46:50.628000+00:00,80906.968,0.0,9.30152937594661,0.0,0.01702765958478525,0.10637934433809337,17.859890362890678,0.017276877957527526,0.005581052405653056,SYNTHETIC_TEST,synthetic_150_record_validation,0.7210215316928188,-0.7210215316928188,3.7014121646918063,5.600117211254803,2.68715642349384,-2.68715642349384,0.6358298906795103,-0.6188022310947251,0.9578837148273597,-0.8515043704892663,0.6184633126006588,17.241427050290017,0.8923623230453798,-0.8750854450878522,0.10562494592455138,-0.10004389351889832
2022-10-18 10:46:52.628000+00:00,80908.968,0.6732508330383705,0.04161712269944884,0.0,0.01462654709253186,0.0015759797597119096,17.85989131178177,0.6466469698647354,0.005151562594300149,SYNTHETIC_TEST,synthetic_150_record_validation,0.7210212963471053,-0.0477704633087348,3.701416553098641,-3.6597994303991923,2.6871552680566477,-2.6871552680566477,0.6358306686864033,-0.6212041215938714,0.9578838824509174,-0.9563079026912055,0.6184642614917532,17.241427050290017,0.8923634304826106,-0.24571646061787522,0.1056251159243263,-0.10047355333002615
2022-10-18 10:46:54.628000+00:00,80910.968,0.0,49.13588036359888,6.795134361417251,0.02345952425948994,3.5125480949630825,17.859892260672865,0.6720578901562937,0.0006418197002268644,SYNTHETIC_TEST,synthetic_150_record_validation,0.721021061001392,-0.721021061001392,3.701420941505476,45.434459422093404,2.687154112619456,4.107980248797794,0.6358314466932962,-0.6123719224338062,0.9578840500744751,2.5546640448886073,0.6184652103828475,17.241427050290017,0.8923645379198415,-0.2203066477635478,0.10562528592410123,-0.10498346622387436
2022-10-18 10:46:56.628000+00:00,80912.968,0.0,0.12956740461068028,1.6974680466797698,0.02281022265784094,0.006235005641797464,17.85989320956396,0.0013307048823570922,0.07889346818256562,SYNTHETIC_TEST,synthetic_150_record_validation,0.7210208256556786,-0.7210208256556786,3.7014253299123108,-3.5718579253016305,2.687152957182264,-0.9896849105024941,0.6358322247001891,-0.6130220020423481,0.9578842176980328,-0.9516492120562353,0.6184661592739419,17.241427050290017,0.8923656453570723,-0.8910349404747152,0.10562545592387614,-0.02673198774131051
2022-10-18 10:46:58.628000+00:00,80914.968,0.0,0.03908784906075491,0.0,0.023809630473343057,0.004783977175470189,17.859894158455052,0.02610016094564671,0.006512219882781722,SYNTHETIC_TEST,synthetic_150_record_validation,0.7210205903099652,-0.7210205903099652,3.7014297183191456,-3.6623418692583907,2.6871518017450717,-2.6871518017450717,0.6358330027070821,-0.612023372233739,0.9578843853215905,-0.9531004081461203,0.6184671081650364,17.241427050290017,0.8923667527943031,-0.8662665918486564,0.10562562592365106,-0.09911340604086934
2022-10-18 10:47:00.628000+00:00,80916.968,0.0,8.037217343410902,26.982770634619357,0.5164047279574357,0.0055316998537962014,17.859895107346148,0.03757202348444222,0.0025093457676111236,SYNTHETIC_TEST,synthetic_150_record_validation,0.7210203549642518,-0.7210203549642518,3.7014341067259804,4.335783236684922,2.6871506463078796,24.295619988311476,0.635833780713975,-0.11942905275653926,0.9578845529451482,-0.952352853091352,0.6184680570561307,17.241427050290017,0.892367860231534,-0.8547958367470918,0.10562579592342598,-0.10311645015581486
2022-10-18 10:47:02.628000+00:00,80918.968,0.0,0.049911983976932195,14.96588890016321,0.007946497440970424,0.0017856911622349259,17.859896056237243,0.20509681925365109,0.005228397562570181,SYNTHETIC_TEST,synthetic_150_record_validation,0.7210201196185384,-0.7210201196185384,3.7014384951328156,-3.6515265111558834,2.6871494908706874,12.278739409292522,0.6358345587208679,-0.6278880612798975,0.957884720568706,-0.9560990294064711,0.6184690059472251,17.241427050290017,0.8923689676687648,-0.6872721484151137,0.10562596592320089,-0.10039756836063071
2022-10-18 10:47:04.628000+00:00,80920.968,0.4370265189992039,0.03730978290405185,0.0,3.1279449708577842,0.4968651708946818,17.859897005128335,0.00715671454239275,0.005503711348053081,SYNTHETIC_TEST,synthetic_150_record_validation,0.721019884272825,-0.2839933652736211,3.7014428835396505,-3.6641331006355986,2.6871483354334953,-2.6871483354334953,0.6358353367277609,2.4921096341300233,0.9578848881922637,-0.4610197172975819,0.6184699548383195,17.241427050290017,0.8923700751059956,-0.8852133605636029,0.10562613592297582,-0.10012242457492274
2022-10-18 10:47:06.628000+00:00,80922.968,0.18208885959516374,4.103208489034138,0.0,0.005761008781090204,0.005361406136612734,0.027245576889788348,0.0347338351757247,0.004825836565563374,SYNTHETIC_TEST,synthetic_150_record_validation,0.7210196489271117,-0.5389307893319479,3.7014472719464853,0.4017612170876528,2.6871471799963036,-2.6871471799963036,0.6358361147346538,-0.6300751059535636,0.9578850558158214,-0.9525236496792087,0.6184709037294138,-0.5912253268396255,0.8923711825432264,-0.8576373473675017,0.10562630592275074,-0.10080046935718737
2022-10-18 10:47:08.628000+00:00,80924.968,0.38532321129342195,0.04641251257837409,0.0,0.0013226766815830349,0.002707704960537183,0.00848538459799808,0.002327547894139692,0.005491834823777672,SYNTHETIC_TEST,synthetic_150_record_validation,0.7210194135813983,-0.33569620228797636,3.70145166035332,-3.655039147774946,2.6871460245591114,-2.6871460245591114,0.6358368927415468,-0.6345142160599637,0.9578852234393791,-0.9551775184788419,0.6184718526205082,-0.6099864680225101,0.8923722899804574,-0.8900447420863177,0.10562647592252565,-0.10013464109874798
2022-10-18 10:47:10.628000+00:00,80926.968,0.0,0.12807050148568333,6.7252064656258455,0.2602005228118162,0.002054937339941665,1.2709174703874706,0.018293751186504337,0.003475035694031847,SYNTHETIC_TEST,synthetic_150_record_validation,0.7210191782356848,-0.7210191782356848,3.701456048760155,-3.5733855472744716,2.6871448691219193,4.038061596503926,0.6358376707484398,-0.37563714793662356,0.9578853910629368,-0.9558304537229951,0.6184728015116026,0.652444668875868,0.8923733974176882,-0.8740796462311838,0.10562664592230057,-0.10215161022826873
2022-10-18 10:47:12.628000+00:00,80928.968,0.25968461256728215,4.168394825472373,6.406633021898351,0.003735910132224962,0.0033386003050152047,0.03640992959812328,5.1093553692320395,4.1145810522696946e-05,SYNTHETIC_TEST,synthetic_150_record_validation,0.7210189428899715,-0.46133433032268933,3.7014604371669897,0.4669343883053836,2.687143713684727,3.719489308213624,0.6358384487553327,-0.6321025386231077,0.9578855586864946,-0.9545469583814794,0.6184737504026969,-0.5820638208045736,0.892374504854919,4.2169808643771205,0.1056268159220755,-0.1055856701115528
2022-10-18 10:47:14.628000+00:00,80930.968,0.0,0.15905823579326883,0.0,0.545319259216917,0.0009456260069489186,0.911532602743833,1.485092679727945,0.002821206019706257,SYNTHETIC_TEST,synthetic_150_record_validation,0.7210187075442581,-0.7210187075442581,3.7014648255738245,-3.5424065897805557,2.687142558247535,-2.687142558247535,0.6358392267622256,-0.09051996754530856,0.9578857263100523,-0.9569401003031034,0.6184746992937914,0.29305790345004157,0.8923756122921499,0.592717067435795,0.10562698592185041,-0.10280577990214415
2022-10-18 10:47:16.628000+00:00,80932.968,0.0,0.09731607463326908,0.0,0.0163662144625476,0.0005555618813553043,0.012734955882985899,0.0036036439392067576,0.0018914786106709464,SYNTHETIC_TEST,synthetic_150_record_validation,0.7210184721985448,-0.7210184721985448,3.7014692139806593,-3.6041531393473902,2.687141402810343,-2.687141402810343,0.6358400047691186,-0.619473790306571,0.95788589393361,-0.9573303320522547,0.6184756481848858,-0.6057406923018999,0.8923767197293807,-0.888773075790174,0.10562715592162533,-0.10373567731095439
2022-10-18 10:47:18.628000+00:00,80934.968,0.04711354629840614,0.017406341435033834,0.0,1.0966533626212107,0.13488347271238466,9.98560798716186e-05,0.05473341813775445,0.08193465637601419,SYNTHETIC_TEST,synthetic_150_record_validation,0.7210182368528314,-0.6739046905544253,3.701473602387494,-3.6840672609524603,2.687140247373151,-2.687140247373151,0.6358407827760115,0.4608125798451992,0.9578860615571677,-0.8230025888447831,0.6184765970759801,-0.6183767409961085,0.8923778271666115,-0.8376444090288571,0.10562732592140026,-0.02369266954538607
2022-10-18 10:47:20.628000+00:00,80936.968,0.0,11.698061584756443,2.3940869049911324,0.020027193583902703,0.00033071046766364187,0.03730205755279303,0.031152686608988067,0.006751152696433227,SYNTHETIC_TEST,synthetic_150_record_validation,0.7210180015071179,-0.7210180015071179,3.701477990794329,7.996583593962114,2.687139091935959,-0.2930521869448266,0.6358415607829044,-0.6158143671990017,0.9578862291807254,-0.9575555187130618,0.6184775459670745,-0.5811754884142815,0.8923789346038424,-0.8612262479948544,0.10562749592117517,-0.09887634322474194
2022-10-18 10:47:22.628000+00:00,80938.968,0.0,0.09578681359047536,0.0,0.026628525665046143,0.002595088498082654,0.012739587420417586,0.025824877521116063,0.006245835165476693,SYNTHETIC_TEST,synthetic_150_record_validation,0.7210177661614046,-0.7210177661614046,3.701482379201164,-3.605695565610689,2.687137936498767,-2.687137936498767,0.6358423387897975,-0.6092138131247513,0.9578863968042831,-0.9552913083062005,0.6184784948581689,-0.6057389074377513,0.8923800420410732,-0.8665551645199572,0.10562766592095009,-0.0993818307554734
2022-10-18 10:47:24.628000+00:00,80940.968,0.0,0.05221388328649468,6.245740012271206,0.025203681507284914,0.0024481141511903948,2.0459877268451288,0.0232194520307325,0.004985445104240704,SYNTHETIC_TEST,synthetic_150_record_validation,0.7210175308156912,-0.7210175308156912,3.701486767607999,-3.6492728843215043,2.6871367810615747,3.558603231209631,0.6358431167966904,-0.6106394352894055,0.9578865644278409,-0.9554384502766505,0.6184794437492632,1.4275082830958654,0.892381149478304,-0.8691616974475715,0.10562783592072501,-0.10064239081648431
2022-10-18 10:47:26.628000+00:00,80942.968,0.9559682207591289,0.14041029996607612,0.0,0.005516512723916511,0.006085458105670516,0.01333181549803486,0.023359476394199996,0.06401718627185438,SYNTHETIC_TEST,synthetic_150_record_validation,0.7210172954699778,0.23495092528915107,3.701491156014834,-3.5610808560487577,2.6871356256243826,-2.6871356256243826,0.6358438948035833,-0.6303273820796668,0.9578867320513986,-0.9518012739457281,0.6184803926403576,-0.6051485771423227,0.8923822569155349,-0.8690227805213349,0.10562800592049992,-0.04161081964864555
2022-10-18 10:47:28.628000+00:00,80944.968,0.0,0.0491400083595952,0.0,0.021262302477657147,0.0025450756629068483,0.014351540838166033,0.03783010951621513,0.0010974123820194082,SYNTHETIC_TEST,synthetic_150_record_validation,0.7210170601242644,-0.7210170601242644,3.7014955444216686,-3.6523555360620734,2.6871344701871904,-2.6871344701871904,0.6358446728104763,-0.6145823703328192,0.9578868996749563,-0.9553418240120495,0.6184813415314521,-0.604129800693286,0.8923833643527658,-0.8545532548365506,0.10562817592027485,-0.10453076353825544
2022-10-18 10:47:30.628000+00:00,80946.968,0.0,35.710765195982155,0.0,0.021524123192322886,0.001849663016803449,0.18948635546703518,0.03439513989535625,0.0010771478988497035,SYNTHETIC_TEST,synthetic_150_record_validation,0.721016824778551,-0.721016824778551,3.7014999328285034,32.00926526315365,2.6871333147499983,-2.6871333147499983,0.6358454508173692,-0.6143213276250463,0.957887067298514,-0.9560374042817106,0.6184822904225464,-0.42899593495551125,0.8923844717899966,-0.8579893318946403,0.10562834592004977,-0.10455119802120007
2022-10-18 10:47:32.628000+00:00,80948.968,0.0,35.71076958438899,0.0,0.002448491167016398,2.3772812374857346,0.012174672698506583,0.5767895462236113,1.0997254872987285,SYNTHETIC_TEST,synthetic_150_record_validation,0.7210165894328376,-0.7210165894328376,3.7015043212353382,32.00926526315365,2.6871321593128066,-2.6871321593128066,0.6358462288242621,-0.6333977376572457,0.9578872349220717,1.4193940025636629,0.6184832393136408,-0.6063085666151342,0.8923855792272274,-0.31559603300361605,0.10562851591982468,0.9940969713789038
2022-10-18 10:47:34.628000+00:00,80950.968,0.0,35.71077397279582,0.0,0.026704332322674107,0.0319671372914232,0.804073042484388,0.019009531612567132,0.08095461770359128,SYNTHETIC_TEST,synthetic_150_record_validation,0.7210163540871243,-0.7210163540871243,3.701508709642173,32.00926526315365,2.6871310038756144,-2.6871310038756144,0.6358470068311551,-0.609142674508481,0.9578874025456295,-0.9259202652542063,0.6184841882047352,0.18558885427965288,0.8923866866644583,-0.8733771550518912,0.1056286859195996,-0.02467406821600833
2022-10-18 10:47:36.628000+00:00,80952.968,0.0,35.71077836120266,11.252242221241476,0.002700899554291425,0.0032069019119969067,0.005260643687229227,0.028827327010816584,0.0030293177041651465,SYNTHETIC_TEST,synthetic_150_record_validation,0.7210161187414109,-0.7210161187414109,3.701513098049008,32.00926526315365,2.6871298484384223,8.565112372803053,0.635847784838048,-0.6331468852837566,0.9578875701691872,-0.9546806682571903,0.6184851370958295,-0.6132244934086003,0.8923877941016891,-0.8635604670908725,0.10562885591937453,-0.10259953821520938
2022-10-18 10:47:38.628000+00:00,80954.968,0.0,35.71078274960949,12.353791139788104,2.7899453866452912,4.594513398253942,0.03696062044252957,0.019309270019747693,0.08087596450272858,SYNTHETIC_TEST,synthetic_150_record_validation,0.7210158833956974,-0.7210158833956974,3.7015174864558427,32.00926526315365,2.68712869300123,9.666662446786873,0.635848562844941,2.15409682380035,0.9578877377927449,3.636625660461197,0.6184860859869239,-0.5815254655443943,0.8923889015389199,-0.8730796315191722,0.10562902591914944,-0.024753061416420863
2022-10-18 10:47:40.628000+00:00,80956.968,0.7290681963313148,35.71078713801633,0.0,0.01254372072121368,0.0018659427843528142,0.028705942582981536,0.018247189541852116,0.2198642335304105,SYNTHETIC_TEST,synthetic_150_record_validation,0.7210156480499841,0.00805254828133073,3.701521874862678,32.00926526315365,2.687127537564038,-2.687127537564038,0.635849340851834,-0.6233056201306203,0.9578879054163026,-0.9560219626319498,0.6184870348780183,-0.5897810922950367,0.8923900089761507,-0.8741428194342986,0.10562919591892436,0.11423503761148615
2022-10-18 10:47:42.628000+00:00,80958.968,0.0,35.710791526423165,11.541521772166323,0.026038401601695238,0.00579702766321788,0.02890232603276588,0.013275637473955548,0.0022533589165392442,SYNTHETIC_TEST,synthetic_150_record_validation,0.7210154127042707,-0.7210154127042707,3.7015262632695127,32.00926526315365,2.687126382126846,8.854395390039478,0.6358501188587269,-0.6098117172570316,0.9578880730398603,-0.9520910453766425,0.6184879837691127,-0.5895856577363469,0.8923911164133816,-0.8791154789394261,0.10562936591869929,-0.10337600700216004
2022-10-18 10:47:44.628000+00:00,80960.968,0.0,35.71079591483,0.0,0.026337466673336585,3.252262738533115,0.020815897002053774,0.020143658080670757,0.001411622371003493,SYNTHETIC_TEST,synthetic_150_record_validation,0.7210151773585574,-0.7210151773585574,3.7015306516763475,32.00926526315365,2.687125226689654,-2.687125226689654,0.6358508968656198,-0.6095134301922832,0.957888240663418,2.294374497869697,0.6184889326602071,-0.5976730356581533,0.8923922238506125,-0.8722485657699417,0.1056295359184742,-0.1042179135474707
2022-10-18 10:47:46.628000+00:00,80962.968,0.0,0.042737772599239054,3.2331323509933423,0.02232952759800355,0.00029024077687611616,0.032607768055264996,0.01566749978527615,0.001625964207213615,SYNTHETIC_TEST,synthetic_150_record_validation,0.721014942012844,-0.721014942012844,3.7015350400831823,-3.6587972674839433,2.687124071252462,0.5460082797408803,0.6358516748725128,-0.6135221472745093,0.9578884082869759,-0.9575981675100997,0.6184898815513015,-0.5858821134960365,0.8923933312878433,-0.8767258315025671,0.10562970591824912,-0.1040037417110355
2022-10-18 10:47:48.628000+00:00,80964.968,0.4916190298807276,0.08934050944868366,6.122751291394069,0.013205639260645552,0.0055845819014096465,0.0056119639726862625,0.018365446119110285,0.002637653607730772,SYNTHETIC_TEST,synthetic_150_record_validation,0.7210147066671305,-0.22939567678640294,3.701539428490017,-3.6121989190413335,2.68712291581527,3.435628375578799,0.6358524528794057,-0.6226468136187602,0.9578885759105336,-0.9523039940091239,0.6184908304423958,-0.6128788664697096,0.8923944387250742,-0.8740289926059639,0.10562987591802404,-0.10299222231029327
2022-10-18 10:47:50.628000+00:00,80966.968,0.0,0.0495586821194709,0.0,0.026409717839463775,0.0013495883045837598,0.008553141589929036,0.015469530983579505,0.14376561647244512,SYNTHETIC_TEST,synthetic_150_record_validation,0.7210144713214172,-0.7210144713214172,3.701543816896852,-3.651985134777381,2.6871217603780777,-2.6871217603780777,0.6358532308862986,-0.6094435130468349,0.9578887435340913,-0.9565391552295075,0.6184917793334902,-0.6099386377435612,0.892395546162305,-0.8769260151787255,0.10563004591779895,0.03813557055464617
2022-10-18 10:47:52.628000+00:00,80968.968,0.981713175219905,0.059404355905714024,6.598837041824915,0.016997043457534056,1.0879791957757379,0.007359317507365182,0.017060659143985135,0.0018829454719688776,SYNTHETIC_TEST,synthetic_150_record_validation,0.7210142359757038,0.2606989392442012,3.701548205303687,-3.6421438493979728,2.6871206049408856,3.911716436884029,0.6358540088931917,-0.6188569654356576,0.957888911157649,0.1300902846180889,0.6184927282245846,-0.6111334107172194,0.8923966535995358,-0.8753359944555507,0.10563021591757388,-0.103747270445605
2022-10-18 10:47:54.628000+00:00,80970.968,11.19880514316658,0.10001669800523683,0.0,0.027619311608160668,4.106426492881775,0.03053104588170641,0.4119718196446647,0.10241930362121604,SYNTHETIC_TEST,synthetic_150_record_validation,0.7210140006299904,10.477791142536589,3.7015525937105216,-3.6015358957052848,2.6871194495036934,-2.6871194495036934,0.6358547869000846,-0.6082354752919239,0.9578890787812067,3.1485374141005686,0.6184936771156789,-0.5879626312339725,0.8923977610367667,-0.480425941392102,0.1056303859173488,-0.003211082296132761
2022-10-18 10:47:56.628000+00:00,80972.968,0.0,11.033727188013021,0.0,0.014363653895364203,0.003732730475248247,0.03767404468628566,0.11696619544221731,0.0017568281639489536,SYNTHETIC_TEST,synthetic_150_record_validation,0.721013765284277,-0.721013765284277,3.7015569821173564,7.332170205895665,2.6871182940665017,-2.6871182940665017,0.6358555649069775,-0.6214919110116133,0.9578892464047644,-0.9541565159295161,0.6184946260067734,-0.5808205813204877,0.8923988684739975,-0.7754326730317802,0.10563055591712373,-0.10387372775317477
2022-10-18 10:47:58.628000+00:00,80974.968,6.070109060902366,0.06573634424366137,0.0,0.030686002384270217,0.0014724136283859046,0.0034779382659381186,0.009514670448016793,1.3176838516525216,SYNTHETIC_TEST,synthetic_150_record_validation,0.7210135299385636,5.349095530963803,3.7015613705241917,-3.6358250262805303,2.6871171386293096,-2.6871171386293096,0.6358563429138704,-0.6051703405296002,0.9578894140283222,-0.9564170003999363,0.6184955748978678,-0.6150176366319297,0.8923999759112283,-0.8828853054632115,0.10563072591689864,1.2120531257356228
2022-10-18 10:48:00.628000+00:00,80976.968,0.0,0.15131525178252403,0.0,0.009114346471819523,1.0066075591591432,17.85992357407898,0.1723101383189074,0.0793036271495127,SYNTHETIC_TEST,synthetic_150_record_validation,0.7210132945928502,-0.7210132945928502,3.7015657589310265,-3.5502505071485024,2.6871159831921174,-2.6871159831921174,0.6358571209207634,-0.6267427744489439,0.9578895816518799,0.048717977507263366,0.6184965237889621,17.241427050290017,0.8924010833484592,-0.7200909450295518,0.10563089591667356,-0.026327268767160864
2022-10-18 10:48:02.628000+00:00,80978.968,0.0,0.07334775723488729,0.0,0.055305981712986174,0.0013890140358538972,17.859924522970076,0.5327990282812086,0.004514781517402117,SYNTHETIC_TEST,synthetic_150_record_validation,0.7210130592471369,-0.7210130592471369,3.7015701473378613,-3.628222390102974,2.6871148277549253,-2.6871148277549253,0.6358578989276563,-0.5805519172146701,0.9578897492754376,-0.9565007352395837,0.6184974726800565,17.24142705029002,0.89240219078569,-0.35960316250448143,0.10563106591644847,-0.10111628439904635
2022-10-18 10:48:04.628000+00:00,80980.968,0.0,11.54586804497134,9.512044636327179,0.025141193160653885,1.755516349525295,17.859925471861168,0.035690660389452344,0.07896294097058325,SYNTHETIC_TEST,synthetic_150_record_validation,0.7210128239014235,-0.7210128239014235,3.701574535744696,7.8442935092266435,2.687113672317733,6.824930964009446,0.6358586769345492,-0.6107174837738953,0.9578899168989953,0.7976264326262997,0.6184984215711509,17.241427050290017,0.8924032982229209,-0.8567126378334685,0.10563123591622339,-0.026668294945640145
2022-10-18 10:48:06.628000+00:00,80982.968,8.254865900871057,11.237338016802195,4.145863268703719,0.025765472115608645,6.994728134105555,17.859926420752263,0.7526553638448613,0.001074081017910275,SYNTHETIC_TEST,synthetic_150_record_validation,0.72101258855571,7.533853312315347,3.701578924151531,7.535759092650664,2.687112516880541,1.4587507518231781,0.6358594549414422,-0.6100939828258336,0.957890084522553,6.036838049583002,0.6184993704622452,17.241427050290017,0.8924044056601517,-0.13974904181529035,0.10563140591599832,-0.10455732489808804
2022-10-18 10:48:08.628000+00:00,80984.968,0.0,0.06551192331233002,0.0,0.00533637378593077,0.006122466202367782,17.85992736964336,0.0209202246288972,0.004565386540400784,SYNTHETIC_TEST,synthetic_150_record_validation,0.7210123532099967,-0.7210123532099967,3.7015833125583657,-3.6360713892460357,2.687111361443349,-2.687111361443349,0.6358602329483352,-0.6305238591624044,0.9578902521461108,-0.951767785943743,0.6185003193533396,17.241427050290017,0.8924055130973826,-0.8714852884684854,0.10563157591577324,-0.10106618937537246
2022-10-18 10:48:10.628000+00:00,80986.968,0.0,3.482312135559749,0.0,0.0295608585407785,0.005023452738831646,17.85992831853445,0.016653390242845734,0.0035322803982395096,SYNTHETIC_TEST,synthetic_150_record_validation,0.7210121178642833,-0.7210121178642833,3.7015877009652005,-0.21927556540545146,2.687110206006157,-2.687110206006157,0.6358610109552281,-0.6063001524144496,0.9578904197696685,-0.9528669670308368,0.618501268244434,17.241427050290017,0.8924066205346134,-0.8757532302917677,0.10563174591554815,-0.10209946551730864
2022-10-18 10:48:12.628000+00:00,80988.968,0.0,0.04297617060633918,0.0,0.017826773804736407,0.001879109866247175,17.859929267425546,0.021067152756061636,1.4158403658676963,SYNTHETIC_TEST,synthetic_150_record_validation,0.72101188251857,-0.72101188251857,3.7015920893720353,-3.658615918765696,2.687109050568965,-2.687109050568965,0.6358617889621211,-0.6180350151573847,0.9578905873932262,-0.956011477526979,0.6185022171355284,17.241427050290017,0.8924077279718442,-0.8713405752157826,0.10563191591532307,1.3102084499523732
2022-10-18 10:48:14.628000+00:00,80990.968,0.0,0.10289750277923337,0.0,0.012788144812749591,4.235502532698597,17.85993021631664,0.028415273427121357,0.0015894966204969274,SYNTHETIC_TEST,synthetic_150_record_validation,0.7210116471728566,-0.7210116471728566,3.70159647777887,-3.5986989749996368,2.687107895131773,-2.687107895131773,0.635862566969014,-0.6230744221562644,0.9578907550167839,3.2776117776818126,0.6185031660266228,17.241427050290017,0.8924088354090751,-0.8639935619819538,0.105632085915098,-0.10404258929460107
2022-10-18 10:48:16.628000+00:00,80992.968,0.0,0.03783359630908123,0.0,0.40226540005524375,0.006391060743493937,0.006929979870573755,8.074504617141173,0.0021277524578429546,SYNTHETIC_TEST,synthetic_150_record_validation,0.7210114118271431,-0.7210114118271431,3.7016008661857054,-3.663767269876624,2.6871067396945807,-2.6871067396945807,0.6358633449759069,-0.23359794492066316,0.9578909226403416,-0.9514998618968477,0.6185041149177172,-0.6115741350471434,0.8924099428463059,7.182094674294867,0.10563225591487291,-0.10350450345702995
2022-10-18 10:48:18.628000+00:00,80994.968,0.0,7.7070349807092065,0.0,0.010000050524934911,0.006090134467683805,0.015036913963389908,0.02167531520062449,0.040263851354414654,SYNTHETIC_TEST,synthetic_150_record_validation,0.7210111764814298,-0.7210111764814298,3.70160525459254,4.005429726116667,2.6871055842573885,-2.6871055842573885,0.6358641229827999,-0.625864072457865,0.9578910902638993,-0.9518009557962155,0.6185050638088115,-0.6034681498454216,0.8924110502835367,-0.8707357350829122,0.10563242591464783,-0.06536857456023318
2022-10-18 10:48:20.628000+00:00,80996.968,0.0,0.14452344837062414,20.980293266866717,0.006206407613211895,0.0032287590181823145,0.0008524439057659983,0.00860651820802194,0.08277932320767023,SYNTHETIC_TEST,synthetic_150_record_validation,0.7210109411357164,-0.7210109411357164,3.701609642999375,-3.557086194628751,2.6871044288201964,18.29318883804652,0.6358649009896928,-0.6296584933764809,0.9578912578874571,-0.9546624988692748,0.6185060126999059,-0.6176535687941399,0.8924121577207675,-0.8838056395127456,0.10563259591442276,-0.022853272706752525
2022-10-18 10:48:22.628000+00:00,80998.968,0.0,4.200954645388103,0.0,0.01893646331930654,0.9575378517700369,0.0076316867326508,0.011762800696021314,0.10148171516758879,SYNTHETIC_TEST,synthetic_150_record_validation,0.721010705790003,-0.721010705790003,3.70161403140621,0.49934061398189344,2.6871032733830047,-2.6871032733830047,0.6358656789965857,-0.6169292156772792,0.9578914255110148,-0.0003535737409778861,0.6185069615910003,-0.6108752748583495,0.8924132651579985,-0.8806504644619771,0.10563276591419767,-0.004151050746608875
2022-10-18 10:48:24.628000+00:00,81000.968,0.0,0.1430054084841066,0.0,0.005428021830909513,0.005598788249361775,2.4275759448392225,0.019664850395574862,0.003885425945672691,SYNTHETIC_TEST,synthetic_150_record_validation,0.7210104704442896,-0.7210104704442896,3.7016184198130446,-3.558613011328938,2.6871021179458126,-2.6871021179458126,0.6358664570034788,-0.6304384351725693,0.9578915931345725,-0.9522928048852107,0.6185079104820947,1.8090680343571277,0.8924143725952293,-0.8727495221996544,0.10563293591397259,-0.1017475099682999
2022-10-18 10:48:26.628000+00:00,81002.968,0.0,0.11810042733668924,6.008066110263873,0.021307848946187424,0.005575199927072116,0.02900843720273172,0.005147697711522459,0.0006330258668699462,SYNTHETIC_TEST,synthetic_150_record_validation,0.7210102350985762,-0.7210102350985762,3.7016228082198794,-3.58352238088319,2.6871009625086204,3.3209651477552526,0.6358672350103717,-0.6145593860641843,0.9578917607581302,-0.9523165608310581,0.6185088593731891,-0.5895004221704574,0.8924154800324601,-0.8872677823209376,0.10563310591374751,-0.10500008004687757
2022-10-18 10:48:28.628000+00:00,81004.968,0.0,0.059953558438486265,6.513397202913168,0.0005659879555109937,0.13490794767948278,0.7756067585335302,0.038748900351968096,0.004744654958048308,SYNTHETIC_TEST,synthetic_150_record_validation,0.7210099997528628,-0.7210099997528628,3.7016271966267142,-3.641673638188228,2.6870998070714283,3.82629739584174,0.6358680130172646,-0.6353020250617536,0.9578919283816879,-0.8229839807022051,0.6185098082642835,0.15709695026924675,0.892416587469691,-0.8536676871177229,0.10563327591352242,-0.10088862095547411
2022-10-18 10:48:30.628000+00:00,81006.968,0.0,0.15063405255476958,0.0,0.015487661848792245,0.9062626367497247,0.005819942397198297,0.1467092183827028,0.0028229631373798275,SYNTHETIC_TEST,synthetic_150_record_validation,0.7210097644071495,-0.7210097644071495,3.701631585033549,-3.5509975324787795,2.687098651634236,-2.687098651634236,0.6358687910241576,-0.6203811291753654,0.9578920960052457,-0.05162945925552098,0.6185107571553778,-0.6126908147581795,0.8924176949069218,-0.745708476524219,0.10563344591329735,-0.10281048277591752
2022-10-18 10:48:32.628000+00:00,81008.968,0.0,0.056967315607671765,0.0,0.008288997859438152,0.006703534354760121,0.49334238156518245,0.4717966129750114,0.00600661097221096,SYNTHETIC_TEST,synthetic_150_record_validation,0.7210095290614361,-0.7210095290614361,3.701635973440384,-3.644668657832712,2.687097496197044,-2.687097496197044,0.6358695690310505,-0.6275805711716124,0.9578922636288034,-0.9511887292740433,0.6185117060464722,-0.12516932448128976,0.8924188023441526,-0.4206221893691412,0.10563361591307227,-0.09962700494086131
2022-10-18 10:48:34.628000+00:00,81010.968,0.0,5.37676728578006,0.0,0.003974057653152174,0.002882805450861947,15.005370115810768,0.4871287957171918,0.13837701987697942,SYNTHETIC_TEST,synthetic_150_record_validation,0.7210092937157226,-0.7210092937157226,3.701640361847219,1.675126923932841,2.6870963407598523,-2.6870963407598523,0.6358703470379434,-0.6318962893847913,0.9578924312523611,-0.9550096258014992,0.6185126549375666,14.386857460873202,0.8924199097813835,-0.4052911140641917,0.10563378591284718,0.03274323396413224
2022-10-18 10:48:36.628000+00:00,81012.968,6.796353623095817,0.14530161822420817,0.0,0.006535720036837223,0.0035295367795202814,0.012645308447953085,0.01191565084377777,0.004202903415330611,SYNTHETIC_TEST,synthetic_150_record_validation,0.7210090583700093,6.075344564725807,3.701644750254054,-3.5563431320298458,2.68709518532266,-2.68709518532266,0.6358711250448364,-0.6293354050079992,0.9578925988759188,-0.9543630620963985,0.6185136038286609,-0.6058682953807079,0.8924210172186143,-0.8805053663748366,0.1056339559126221,-0.1014310524972915
2022-10-18 10:48:38.628000+00:00,81014.968,0.0,0.07280212686527854,0.0,0.004720897200962915,0.003596408018766706,0.007659886827084739,0.10482296237147148,0.12222331741258068,SYNTHETIC_TEST,synthetic_150_record_validation,0.7210088230242959,-0.7210088230242959,3.7016491386608887,-3.62884701179561,2.687094029885468,-2.687094029885468,0.6358719030517294,-0.6311510058507664,0.9578927664994765,-0.9542963584807098,0.6185145527197553,-0.6108546658926706,0.8924221246558451,-0.7875991622843737,0.10563412591239703,0.016589191500183648
2022-10-18 10:48:40.628000+00:00,81016.968,0.0,35.71091879022138,0.0,0.014497830131131928,0.002166010659923834,0.00131312009428608,0.032523151256525495,0.06171279792787839,SYNTHETIC_TEST,synthetic_150_record_validation,0.7210085876785826,-0.7210085876785826,3.7016535270677235,32.00926526315365,2.687092874448276,-2.687092874448276,0.6358726810586223,-0.6213748509274903,0.9578929341230342,-0.9557269234631104,0.6185155016108498,-0.6172023815165637,0.8924232320930761,-0.8599000808365506,0.10563429591217194,-0.043921497984293546
2022-10-18 10:48:42.628000+00:00,81018.968,0.0,35.71092317862821,0.0,0.029880632210892988,0.0032165874525973415,0.0028497353547051185,0.008988549168389204,0.08190394447167693,SYNTHETIC_TEST,synthetic_150_record_validation,0.7210083523328692,-0.7210083523328692,3.7016579154745584,32.00926526315365,2.6870917190110837,-2.6870917190110837,0.6358734590655153,-0.6059928268546223,0.957893101746592,-0.9546765142939947,0.6185164505019441,-0.615666715147239,0.8924243395303069,-0.8834357903619177,0.10563446591194686,-0.023730521440269936
2022-10-18 10:48:44.628000+00:00,81020.968,0.0,35.71092756703504,0.0,0.8159411276080075,0.0018419917246843553,0.033531149161464824,0.033537733197871566,0.0010537117298793364,SYNTHETIC_TEST,synthetic_150_record_validation,0.7210081169871557,-0.7210081169871557,3.701662303881393,32.00926526315365,2.6870905635738915,-2.6870905635738915,0.6358742370724082,0.18006689053559932,0.9578932693701497,-0.9560512776454654,0.6185173993930385,-0.5849862502315737,0.8924254469675377,-0.8588877137696661,0.10563463591172179,-0.10458092418184245
2022-10-18 10:48:46.628000+00:00,81022.968,2.8874129006293687,35.71093195544188,0.0,0.02556999905076629,0.001601444124859519,0.008755291925339415,0.14973847360205517,0.0032027758695054864,SYNTHETIC_TEST,synthetic_150_record_validation,0.7210078816414424,2.1664050189879265,3.701666692288228,32.00926526315365,2.6870894081366994,-2.6870894081366994,0.6358750150793011,-0.6103050160285348,0.9578934369937074,-0.9562919928688479,0.6185183482841329,-0.6097630563587935,0.8924265544047685,-0.7426880808027133,0.1056348059114967,-0.10243203004199121
2022-10-18 10:48:48.628000+00:00,81024.968,2.6012029838163677,35.710936343848715,0.0,0.003541341889399363,0.0005556550800533966,3.5676529484618977,0.021401768237671925,0.0033009507395213716,SYNTHETIC_TEST,synthetic_150_record_validation,0.721007646295729,1.8801953375206386,3.701671080695063,32.00926526315365,2.6870882526995077,-2.6870882526995077,0.6358757930861941,-0.6323344511967948,0.9578936046172651,-0.9573379495372117,0.6185192971752272,2.9491336512866706,0.8924276618419994,-0.8710258936043275,0.10563497591127162,-0.10233402517175025
2022-10-18 10:48:50.628000+00:00,81026.968,0.021976169862807926,35.71094073225555,0.0,0.023850311286764847,0.0013654118008089577,0.01155495619477609,0.4962261487208755,0.08459128144862661,SYNTHETIC_TEST,synthetic_150_record_validation,0.7210074109500156,-0.6990312410872077,3.7016754691018976,32.00926526315365,2.6870870972623155,-2.6870870972623155,0.635876571093087,-0.6120262598063222,0.9578937722408228,-0.9565283604400139,0.6185202460663216,-0.6069652898715455,0.8924287692792302,-0.3962026205583547,0.10563514591104654,-0.02104386446241993
2022-10-18 10:48:52.628000+00:00,81028.968,0.5902521143769988,35.71094512066238,0.0,0.02411919863803924,0.0032503880725175405,0.006953313102584513,2.030671479427365,0.006704228338561366,SYNTHETIC_TEST,synthetic_150_record_validation,0.7210071756043022,-0.1307550612273034,3.7016798575087324,32.00926526315365,2.6870859418251234,-2.6870859418251234,0.63587734909998,-0.6117581504619407,0.9578939398643807,-0.9546435517918631,0.618521194957416,-0.6115678818548315,0.892429876716461,1.1382416027109037,0.10563531591082145,-0.09893108757226009
2022-10-18 10:48:54.628000+00:00,81030.968,0.0,35.710949509069216,5.863298897495854,1.9333580075350523,0.0034222458851181914,0.006264495028242556,0.022520195121872533,0.10220690462743359,SYNTHETIC_TEST,synthetic_150_record_validation,0.7210069402585888,-0.7210069402585888,3.7016842459155677,32.00926526315365,2.6870847863879312,3.1762141111079227,0.635878127106873,1.2974798804281793,0.9578941074879384,-0.9544718616028202,0.6185221438485105,-0.6122576488202679,0.8924309841536919,-0.8699107890318194,0.10563548591059638,-0.003428581283162785
2022-10-18 10:48:56.628000+00:00,81032.968,0.6182768804142712,0.06848028557949615,0.0,0.5015822964075312,0.005145852047361843,0.021106777669254062,0.09032030544831493,3.2361412153306124e-05,SYNTHETIC_TEST,synthetic_150_record_validation,0.7210067049128754,-0.10272982449860424,3.7016886343224025,-3.6332083487429063,2.687083630950739,-2.687083630950739,0.6358789051137659,-0.13429660870623472,0.957894275111496,-0.9527484230641342,0.6185230927396048,-0.5974163150703508,0.8924320915909227,-0.8021117861426078,0.1056356559103713,-0.105603294498218
2022-10-18 10:48:58.628000+00:00,81034.968,0.0,4.500314148862163,3.5089560356762073,0.01342655159487327,0.596322265995148,0.03657708957442829,0.03933394338318119,0.0005830527330346752,SYNTHETIC_TEST,synthetic_150_record_validation,0.7210064695671621,-0.7210064695671621,3.7016930227292373,0.7986211261329257,2.687082475513547,0.8218735601626603,0.6358796831206588,-0.6224531315257855,0.9578944427350538,-0.3615721767399057,0.6185240416306992,-0.5819469520562709,0.8924331990281535,-0.8530992556449724,0.10563582591014621,-0.10505277317711154
2022-10-18 10:49:00.628000+00:00,81036.968,0.46375903149550796,0.12435526089986926,6.058704214954156,0.0016875521892882883,0.0057922134308283635,0.02074102522469712,0.04199234202606472,0.08102049780136562,SYNTHETIC_TEST,synthetic_150_record_validation,0.7210062342214487,-0.25724720272594076,3.701697411136072,-3.577342150236203,2.6870813200763553,3.371622894877801,0.6358804611275517,-0.6341929089382634,0.9578946103586115,-0.9521023969277831,0.6185249905217935,-0.5977839652970964,0.8924343064653844,-0.8504419644393196,0.10563599590992113,-0.02461549810855551
2022-10-18 10:49:02.628000+00:00,81038.968,0.0,0.1729360962663633,0.0,0.018247880927639737,0.542482008077545,0.03042852484119618,8.137829313027803,0.08100809189779112,SYNTHETIC_TEST,synthetic_150_record_validation,0.7210059988757352,-0.7210059988757352,3.701701799542907,-3.5287657032765436,2.687080164639163,-2.687080164639163,0.6358812391344447,-0.617633358206805,0.9578947779821692,-0.41541276990462417,0.6185259394128879,-0.5880974145716917,0.8924354139026153,7.245393899125188,0.10563616590969606,-0.024628074011904935
2022-10-18 10:49:04.628000+00:00,81040.968,0.0,0.14949100422649408,0.0,0.022435869081162352,1.5238104651577788,1.9178772999401652,8.06674194868756,0.06301568886784295,SYNTHETIC_TEST,synthetic_150_record_validation,0.7210057635300219,-0.7210057635300219,3.7017061879497417,-3.5522151837232476,2.687079009201971,-2.687079009201971,0.6358820171413376,-0.6134461480601753,0.957894945605727,0.5659155195520519,0.6185268883039823,1.299350411636183,0.8924365213398461,7.174305427347713,0.10563633590947097,-0.04262064704162802
2022-10-18 10:49:06.628000+00:00,81042.968,5.024345406235579,0.007827612242351734,0.0,0.029710160397555585,1.3996382175701738,0.626966638711499,0.24562076578511283,0.005615437920126434,SYNTHETIC_TEST,synthetic_150_record_validation,0.7210055281843085,4.30333987805127,3.7017105763565765,-3.693882964114225,2.687077853764779,-2.687077853764779,0.6358827951482307,-0.6061726347506751,0.9578951132292847,0.44174310434088915,0.6185278371950766,0.0084388015164224,0.8924376287770769,-0.6468168629919641,0.10563650590924589,-0.10002106798911946
2022-10-18 10:49:08.628000+00:00,81044.968,0.0,0.10260475654768708,0.0,1.6829521351000891,0.0014560222235470155,0.01159157959545487,0.00803135960781276,0.0067968385209449395,SYNTHETIC_TEST,synthetic_150_record_validation,0.7210052928385952,-0.7210052928385952,3.7017149647634113,-3.5991102082157242,2.6870766983275867,-2.6870766983275867,0.6358835731551236,1.0470685619449656,0.9578952808528424,-0.9564392586292954,0.6185287860861711,-0.6069372064907163,0.8924387362143078,-0.884407376606495,0.10563667590902082,-0.09883983738807588
2022-10-18 10:49:10.628000+00:00,81046.968,0.0,12.110341138210574,0.0,0.019577845588792386,3.541836280768566,17.859956785267283,0.5666856928937957,0.2203376612285894,SYNTHETIC_TEST,synthetic_150_record_validation,0.7210050574928818,-0.7210050574928818,3.701719353170246,8.408621785040328,2.6870755428903945,-2.6870755428903945,0.6358843511620165,-0.6163065055732241,0.9578954484764001,2.583940832292166,0.6185297349772655,17.241427050290017,0.8924398436515386,-0.32575415075774294,0.10563684590879573,0.11470081531979366
2022-10-18 10:49:12.628000+00:00,81048.968,3.691643844845799,4.943792547958241,5.686779550380267,0.002410422122734235,0.0018880804085621428,17.859957734158378,0.04103616410939859,0.2401103480564311,SYNTHETIC_TEST,synthetic_150_record_validation,0.7210048221471683,2.970639022698631,3.701723741577081,1.2420688063811598,2.687074387453203,2.9997051629270644,0.6358851291689094,-0.6334747070461751,0.9578956160999578,-0.9560075356913956,0.6185306838683599,17.241427050290017,0.8924409510887694,-0.8514047869793708,0.10563701590857065,0.13447333214786045
2022-10-18 10:49:14.628000+00:00,81050.968,0.0,0.03869822435992232,0.0,0.9440469329966805,1.6321340372589521,17.85995868304947,0.03201561388106855,0.005521194294905565,SYNTHETIC_TEST,synthetic_150_record_validation,0.721004586801455,-0.721004586801455,3.701728129983916,-3.663029905623994,2.6870732320160107,-2.6870732320160107,0.6358859071758024,0.3081610258208781,0.9578957837235156,0.6742382535354365,0.6185316327594542,17.241427050290017,0.8924420585260003,-0.8604264446449318,0.10563718590834557,-0.10011599161344001
2022-10-18 10:49:16.628000+00:00,81052.968,2.6800281507881962,4.171186451236876,0.0,0.0034140506256306047,0.31316071096338427,17.859959631940566,0.0432336394132663,0.12278103805415519,SYNTHETIC_TEST,synthetic_150_record_validation,0.7210043514557416,1.9590237993324546,3.701732518390751,0.4694539328461249,2.6870720765788185,-2.6870720765788185,0.6358866851826953,-0.6324726345570647,0.9578959513470733,-0.644735240383689,0.6185325816505486,17.241427050290017,0.8924431659632311,-0.8492095265499648,0.10563735590812048,0.017143682146034706
2022-10-18 10:49:18.628000+00:00,81054.968,0.28318508249056124,0.16173251994741378,0.0,0.028083635846956723,0.028122846046886862,17.85996058083166,5.1093643642989255,0.006687118626214739,SYNTHETIC_TEST,synthetic_150_record_validation,0.7210041161100282,-0.437819033619467,3.701736906797586,-3.540004386850172,2.6870709211416264,-2.6870709211416264,0.6358874631895882,-0.6078038273426315,0.957896118970631,-0.9297732729237441,0.618533530541643,17.241427050290017,0.892444273400462,4.216920090898464,0.10563752590789541,-0.09895040728168067
2022-10-18 10:49:20.628000+00:00,81056.968,0.9340009198995298,15.784018129970471,7.49571175051878,0.23482390054783664,0.0018380223988374578,17.859961529722753,0.11821617670644202,0.002685329789607213,SYNTHETIC_TEST,synthetic_150_record_validation,0.7210038807643148,0.21299703913521506,3.7017412952044206,12.08227683476605,2.6870697657044342,4.808641984814345,0.6358882411964812,-0.4010643406486446,0.9578962865941887,-0.9560582641953512,0.6185344794327373,17.241427050290017,0.8924453808376928,-0.7742292041312507,0.10563769590767033,-0.10295236611806312
2022-10-18 10:49:22.628000+00:00,81058.968,0.0,15.641493688384008,0.0,3.386318921200513,0.003917549528014375,17.85996247861385,0.03678972262623459,0.05937636666632743,SYNTHETIC_TEST,synthetic_150_record_validation,0.7210036454186014,-0.7210036454186014,3.7017456836112554,11.939748004772753,2.687068610267242,-2.687068610267242,0.6358890192033742,2.7504299019971388,0.9578964542177464,-0.953978904689732,0.6185354283238318,17.241427050290017,0.8924464882749237,-0.8556567656486891,0.10563786590744524,-0.04626149924111781
2022-10-18 10:49:24.628000+00:00,81060.968,1.6070496227417734,0.05823467433635798,0.0,0.027926838671773146,4.181668540214334,17.859963427504944,0.012057020189762069,0.00212249742480064,SYNTHETIC_TEST,synthetic_150_record_validation,0.721003410072888,0.8860462126688854,3.7017500720180903,-3.6435153976817323,2.68706745483005,-2.68706745483005,0.6358897972102671,-0.6079629585384939,0.9578966218413041,3.22377191837303,0.6185363772149262,17.241427050290017,0.8924475957121545,-0.8803905755223924,0.10563803590722017,-0.10351553848241953
2022-10-18 10:49:26.628000+00:00,81062.968,0.36064187613161,0.0899188926927037,0.0,0.029634733018287895,0.0015353649069232977,0.03219580793553056,1.4972256853123618,0.0037726056800474056,SYNTHETIC_TEST,synthetic_150_record_validation,0.7210031747271747,-0.3603612985955647,3.701754460424925,-3.6118355677322214,2.6870662993928582,-2.6870662993928582,0.6358905752171601,-0.6062558421988722,0.9578967894648619,-0.9563614245579386,0.6185373261060205,-0.58634151817049,0.8924487031493853,0.6047769821629765,0.10563820590699509,-0.10186560022694768
2022-10-18 10:49:28.628000+00:00,81064.968,0.0,0.09862968497579105,0.0,0.3025353380854127,0.005331622112382695,0.007216739503751235,1.3770486864553557,0.003962564958540166,SYNTHETIC_TEST,synthetic_150_record_validation,0.7210029393814613,-0.7210029393814613,3.70175884883176,-3.603129163855969,2.687065143955666,-2.687065143955666,0.635891353224053,-0.33335601513864027,0.9578969570884196,-0.9525653349760369,0.6185382749971149,-0.6113215354933637,0.8924498105866162,0.4845988758687395,0.10563837590677,-0.10167581094822983
2022-10-18 10:49:30.628000+00:00,81066.968,0.3582346187323266,0.011525165354417943,2.1733481527080674,2.7382477761786816,0.0022240961618277266,0.010190630141472812,0.011538448863455675,0.0047325785140375914,SYNTHETIC_TEST,synthetic_150_record_validation,0.7210027040357478,-0.36276808530342125,3.7017632372385947,-3.6902380718841767,2.687063988518474,-0.5137158358104066,0.6358921312309459,2.102355644947736,0.9578971247119773,-0.9556730285501496,0.6185392238882093,-0.6083485937467364,0.892450918023847,-0.8809124691603913,0.10563854590654492,-0.10090596739250733
2022-10-18 10:49:32.628000+00:00,81068.968,0.0,0.1478998995603802,0.4015781305861461,0.009760667140058188,0.001827563694577039,0.0361071522088271,4.559519336323858,0.005855013587926811,SYNTHETIC_TEST,synthetic_150_record_validation,0.7210024686900345,-0.7210024686900345,3.70176762564543,-3.5538677260850497,2.687062833081282,-2.2854847024951357,0.6358929092378389,-0.6261322420977807,0.957897292335535,-0.956069728640958,0.6185401727793036,-0.5824330205704765,0.8924520254610778,3.6670673108627807,0.10563871590631985,-0.09978370231839304
2022-10-18 10:49:34.628000+00:00,81070.968,0.0,0.07572077067720873,6.7966999897891665,0.02816900420929891,0.004491764475061166,0.03077248884844397,0.044019018051018044,0.0027512218723656917,SYNTHETIC_TEST,synthetic_150_record_validation,0.7210022333443211,-0.7210022333443211,3.7017720140522647,-3.626051243375056,2.6870616776440897,4.109638312145076,0.6358936872447318,-0.6077246830354329,0.9578974599590927,-0.9534056954840315,0.618541121670398,-0.587768632821954,0.8924531328983087,-0.8484341148472907,0.10563888590609476,-0.10288766403372906
2022-10-18 10:49:36.628000+00:00,81072.968,0.0,0.08090703595291471,7.8118308347830165,0.005179180605238698,0.0017762845472345523,0.863577979737654,0.02509258022247396,0.10106902226899667,SYNTHETIC_TEST,synthetic_150_record_validation,0.7210019979986078,-0.7210019979986078,3.7017764024590996,-3.620869366506185,2.6870605222068975,5.1247703125761195,0.6358944652516247,-0.630715284646386,0.9578976275826505,-0.956121343035416,0.6185420705614925,0.24503590917616158,0.8924542403355396,-0.8673616601130656,0.10563905590586968,-0.004570033636873014
2022-10-18 10:49:38.628000+00:00,81074.968,0.0,0.09296802358766554,5.8760759888718255,0.7534493783210408,3.5107853675577614,0.8279076794617393,0.007815343455283563,0.006807596106701827,SYNTHETIC_TEST,synthetic_150_record_validation,0.7210017626528944,-0.7210017626528944,3.7017807908659344,-3.608812767278269,2.687059366769706,3.1890166221021197,0.6358952432585178,0.11755413506252299,0.9578977952062082,2.552887572351553,0.6185430194525868,0.20936466000915244,0.8924553477727704,-0.8846400043174868,0.1056392259056446,-0.09883162979894278
2022-10-18 10:49:40.628000+00:00,81076.968,0.05192441476816223,0.034400721178445615,6.113513751478921,0.006311955918343326,0.0012502813202358576,0.3440369252910744,0.013157159409251218,0.003995431610024525,SYNTHETIC_TEST,synthetic_150_record_validation,0.7210015273071809,-0.6690771125390187,3.701785179272769,-3.6673844580943236,2.6870582113325137,3.4264555401464074,0.6358960212654107,-0.6295840653470673,0.9578979628297659,-0.9566476815095301,0.6185439683436812,-0.2745070430526068,0.8924564552100012,-0.87929929580075,0.10563939590541951,-0.10164396429539499
2022-10-18 10:49:42.628000+00:00,81078.968,0.0,19.264806948440775,6.715022022791183,0.003140461778702197,0.0016151695608245253,0.011131723723285969,0.006514665626003557,0.004934559156614005,SYNTHETIC_TEST,synthetic_150_record_validation,0.7210012919614676,-0.7210012919614676,3.701789567679604,15.56301738076117,2.6870570558953215,4.027964966895862,0.6358967992723036,-0.6327563374936014,0.9578981304533236,-0.9562829608924991,0.6185449172347756,-0.6074131935114896,0.8924575626472321,-0.8859428970212285,0.10563956590519444,-0.10070500674858043
2022-10-18 10:49:44.628000+00:00,81080.968,5.93456455324659,4.384078914373262,22.205360845060458,5.288894110179642,11.203751854340423,0.018240674417616454,0.026042174424802722,0.0056676596409845625,SYNTHETIC_TEST,synthetic_150_record_validation,0.7210010566157542,5.213563496630836,3.701793956086439,0.6822849582868233,2.6870559004581294,19.518304944602328,0.6358975772791966,4.6529965329004455,0.9578982980768813,10.245853556263542,0.6185458661258699,-0.6003051917082535,0.8924586700844629,-0.8664164956596602,0.10563973590496936,-0.0999720762639848
2022-10-18 10:49:46.628000+00:00,81082.968,0.0,16.61771882238909,0.0,0.0007480357334086474,1.1147164628125272,0.0008879243671215953,0.027948744452322316,0.002041527297005588,SYNTHETIC_TEST,synthetic_150_record_validation,0.7210008212700408,-0.7210008212700408,3.7017983444932736,12.915920477895817,2.687054745020937,-2.687054745020937,0.6358983552860895,-0.6351503195526809,0.957898465700439,0.15681799711208821,0.6185468150169643,-0.6176588906498427,0.8924597775216937,-0.8645110330693714,0.10563990590474429,-0.1035983786077387
2022-10-18 10:49:48.628000+00:00,81084.968,5.602546920342629,0.08045403607477608,9.096790610749999,0.021256508660325357,3.6405270824281817,0.009641679563333616,0.013027173410562809,0.0032459473973461273,SYNTHETIC_TEST,synthetic_150_record_validation,0.7210005859243274,4.881546334418301,3.7018027329001084,-3.6213486968253323,2.687053589583745,6.409737021166253,0.6358991332929824,-0.6146426246326571,0.9578986333239968,2.6826284491041847,0.6185477639080587,-0.608906084344725,0.8924608849589246,-0.8794337115483618,0.1056400759045192,-0.10239412850717307
2022-10-18 10:49:50.628000+00:00,81086.968,6.617525033556214,1.0862772480810952,0.0,0.006276177715357489,0.2881849174238925,0.014867221396754116,0.037658792852634404,0.002512052589027272,SYNTHETIC_TEST,synthetic_150_record_validation,0.721000350578614,5.8965246829776,3.7018071213069437,-2.6155298732258485,2.6870524341465534,-2.6870524341465534,0.6358999112998754,-0.629623733584518,0.9578988009475545,-0.669713883523662,0.6185487127991531,-0.603681491402399,0.8924619923961554,-0.854803199543521,0.10564024590429412,-0.10312819331526685
2022-10-18 10:49:52.628000+00:00,81088.968,0.0,12.046012792357843,0.33710865038569215,1.1488040485139543,0.003158277921808561,0.018746285343910984,0.033864218982770034,0.0019709376104667525,SYNTHETIC_TEST,synthetic_150_record_validation,0.7210001152329006,-0.7210001152329006,3.7018115097137785,8.344201282644065,2.6870512787093612,-2.349942628323669,0.6359006893067684,0.512903359207186,0.9578989685711122,-0.9547406906493037,0.6185496616902475,-0.5998033763463365,0.8924630998333862,-0.8585988808506162,0.10564041590406903,-0.10366947829360228
2022-10-18 10:49:54.628000+00:00,81090.968,0.0,9.218748808875667,0.0,0.006977117579508474,4.676121999346797,0.036060982014847864,0.5782679525665592,0.07862875294805019,SYNTHETIC_TEST,synthetic_150_record_validation,0.7209998798871873,-0.7209998798871873,3.7018158981206133,5.516932910755053,2.687050123272169,-2.687050123272169,0.6359014673136613,-0.6289243497341528,0.9578991361946699,3.7182228631521266,0.6185506105813419,-0.582489628566494,0.892464207270617,-0.3141962547040579,0.10564058590384395,-0.027011832955793763
2022-10-18 10:49:56.628000+00:00,81092.968,0.0,0.1262612556984184,0.0,1.5086352663595237,2.17262168782081,0.035466361308336025,0.01483278060062121,0.0013667434504234521,SYNTHETIC_TEST,synthetic_150_record_validation,0.7209996445414739,-0.7209996445414739,3.701820286527448,-3.5755590308290297,2.687048967834977,-2.687048967834977,0.6359022453205543,0.8727330210389694,0.9578993038182276,1.2147223840025823,0.6185515594724362,-0.5830851981641002,0.892465314707848,-0.8776325341072267,0.10564075590361888,-0.10427401245319542
2022-10-18 10:49:58.628000+00:00,81094.968,0.0,0.17327197176028264,0.0,14.438678627272816,0.005674128836485548,0.040499561466044165,3.473377865372286,0.0614642610619427,SYNTHETIC_TEST,synthetic_150_record_validation,0.7209994091957604,-0.7209994091957604,3.701824674934283,-3.5285527031740003,2.687047812397785,-2.687047812397785,0.6359030233274472,13.802775603945369,0.9578994714417853,-0.9522253426052998,0.6185525083635306,-0.5780529468974864,0.8924664221450788,2.5809114432272073,0.1056409259033938,-0.0441766648414511
